[{"team_name": "Alphas", "division": "Open", "team_code": "ALF", "city_of_origin": "Auroville", "logo": "alf.jpeg", "roster": ["Madhan", "Santhan", "Ajay", "Agathi", "Kabilan", "Arun", "Sarvajith", "Jagadeesh", "Kani", "Mano", "Sathish", "Aravindh", "Mukesh", "Aman", "Plug", "Praveen"]}, {"team_name": "Ashokan Empire", "division": "Open", "team_code": "AMP", "city_of_origin": "Bangalore", "logo": "amp.jpeg", "roster": ["Dewansh Singh", "Dhruva Panyam", "Harikrishnan", "Jaidip Patel", "Kushal", "Pranav", "Raunak Chaudhury", "Rishvanjas Raghavan", "Rohan Manoj", "Nishant Mahesh", "Rushil Natrajan", "Samridh Kudhesia", "Siddharth Salian", "Vidur Singh", "Sahil Bhagwe"]}, {"team_name": "Airbenders", "division": "Open", "team_code": "ARB", "city_of_origin": "Bangalore", "logo": "arb.jpeg", "roster": ["Ajay", "Girish", "Naveen", "Kedar", "Rajath", "Vinayak (pixie)", "Nishant ", "Sravan", "Sunil", "Vaibhav", "Vinit", "Aditya", "Ashray", "Shashank", "Rishab", "Manish"]}, {"team_name": "Awadh KHELadis", "division": "Open", "team_code": "AWK", "city_of_origin": "Lucknow", "logo": "awk.jpg", "roster": ["Govind", "Priyanshu", "Sonu", "Sushil", "Ajeet", "Shobhit", "Krishna", "Piyush", "Ram", "Mathew", "Saurabh", "Akshai", "Sunny"]}, {"team_name": "BITS UFC", "division": "Open", "team_code": "BGU", "city_of_origin": "Goa", "logo": "bgu.jpeg", "roster": ["Anish", "Hrithik", "Milind", "Khillan", "Abhishek", "Jinam", "Tanay", "Jishnu", "Vinay", "Pulkit", "Raghav", "Gaurav", "Yathin", "Siddharth", "Aashay", "Sudeep", "Ruchit", "Singh"]}, {"team_name": "Bluelock FC", "division": "Open", "team_code": "BLK", "city_of_origin": "Chennai", "logo": "blk.png", "roster": ["Arjun", "Ashvath", "Cash", "Dhanu", "Giri", "Gokul", "Gopi", "Hari Krishna", "Hari", "Jaya", "Naveen", "Prem", "Rohit", "Sangee", "Sibi", "Sumanth", "VC"]}, {"team_name": "Breezers ", "division": "Open", "team_code": "BRZ", "city_of_origin": "Bangalore", "logo": "brz.jpg", "roster": ["Rajath", "Prashanth", "Edward", "Chikkanna", "Vinay", "Lal", "Pardeep ", "Manju", "Bishal", "Nakka", "Indhar", "Talib", "Sarana", "PK", "Raj", "NithishMaddy", "Rikash", "Sai", "Kiran", "Gowdru"]}, {"team_name": "Back In The Saddle", "division": "Open", "team_code": "BTS", "city_of_origin": "Bangalore + Delhi", "logo": "bts.png", "roster": ["Aman Mehta", "Anish K", "Garvit Jain", "Naveen B", "Nirav Parmar", "Om Gandhi", "Rajat Thakur", "Ramkumar Venkat", "Sagar Subhash Pingale", "Shrikrishna Lolla", "Shubham Agarwal", "Sudhanshu C", "Sujay Krishnan", "Virag Lakhani"]}, {"team_name": "Blitzkrieg ", "division": "Open", "team_code": "BZK", "city_of_origin": "Chennai", "logo": "bzk.png", "roster": ["Vignesh", "Pranav ", "Siva", "Mak", "Prem kumar", "Pk", "Prem pk3", "Balaji", "Kutti", "Gowtham ", "Lokesh ", "Achu", "Manoj", "Subash", "Praba krish", "Bheem", "Nandha"]}, {"team_name": "Chakraa", "division": "Open", "team_code": "CUF", "city_of_origin": "Chennai", "logo": "cuf.jpg", "roster": ["Bajji ", "Bat", "Sudhir", "Dubai", "Bhuni", "Monesh", "Mukesh", "Sabari", "Yuvaraj", "Pacha", "Joshua ", "Naresh ", "Surya ", "Joshua milk ", "Kita ", "Nishant", "Ananth"]}, {"team_name": "Disc-O-Deewane", "division": "Open", "team_code": "DOD", "city_of_origin": "Bangalore", "logo": "dod.jpg", "roster": ["Ashuthosh ", "Ajith", "Harish", "Nagesh", "Anirudh", "Ganesh ", "Hardik", "Karthik ", "Dhruv", "Sharath ", "Srikanth", "Vijay ", "Leroy", "Chandan", "Gautam"]}, {"team_name": "Disc Positive", "division": "Open", "team_code": "DPS", "city_of_origin": "Bangalore", "logo": "dps.jpeg", "roster": ["Akshat", "Victor", "Shubham Sonawane", "Rutuj", "Rohit", "Aatish", "Tarun", "Varun", "Aayush", "Neev", "Shail", "Aditya Dubey", "Gaurang", "Ashwin", "Rushal", "Sumedh", "Saahil Bijliwala", "Sumit", "Saumya", "Pranav", "Rahul"]}, {"team_name": "Girgitle ", "division": "Open", "team_code": "GIR", "city_of_origin": "Mysore", "logo": "gir.png", "roster": ["Chandan", "Deepak", "Rakesh", "Ganesh", "Anand", "Sabeel", "Prajwal ", "Nandan", "Akhil", "Birdie", "Anirudh", "KP", "Varun ", "Jathin"]}, {"team_name": "Goosebumps ", "division": "Open", "team_code": "GSB", "city_of_origin": "Hyderabad", "logo": "gsb.jpeg", "roster": ["Aravind ", "Pranay ", "Rakesh ", "Srikar", "Teja ", "Akash", "Yogi", "Badri", "Sandeep ", "Sree", "Srinath ", "Eshwar ", "Akshith", "Om ", "Mohan"]}, {"team_name": "Hammer That Zone ", "division": "Open", "team_code": "HTZ", "city_of_origin": "Bangalore", "logo": "htz.jpg", "roster": ["Laxman", "Nitya", "Prem", "Raman", "Bharath", "Anil", "Kahana Priyan", "Pankaj", "Shiva K", "Vishnu Sable", "Nishanth ", "Praveen ", "Aruna", "Shiyam", "Sidharth"]}, {"team_name": "Campus Ultimate", "division": "Open", "team_code": "IIM", "city_of_origin": "Bangalore", "logo": "iim.jpg", "roster": ["Chai", "Sree", "Adv", "Shilpi", "Deepa", "Chelva", "Akshay", "Naveen", "Vibhu", "Sugin", "Dhivya", "Parth", "Siddhu", "Pragya", "Ishaan", "Sailesh", "Krishna", "Yashas"]}, {"team_name": "koCATCHi", "division": "Open", "team_code": "KOC", "city_of_origin": "Kochi", "logo": "koc.jpg", "roster": ["Akash", "Akshar", "Anand", "Ananthu", "Antony", "Arya", "Dan", "Govind", "Joseph", "Liya", "Manu", "Maria", "Mithun", "Nihan", "Praveena", "Rakhi", "Richa", "Ronak", "Sanal", "Siddarth", "Thanveer"]}, {"team_name": "Learning to Fly", "division": "Open", "team_code": "L2F", "city_of_origin": "Bangalore", "logo": "l2f.jpeg", "roster": ["Abhishek Gosavi", "Abhishek Srinivas", "Aman Pratap Rao", "Chetan Srikanth", "Ishav Punia", "Jonathan Samuel J", "Karan Mantri", "Karthik H", "Krishna Kamath", "Naveen Durga", "Parmesh Mathur", "Prasanna Akella", "Prasanna Krishna Poojary", "Preetham Kajekar", "Sharan", "Sushil Kumar", "Varun"]}, {"team_name": "GK MAD", "division": "Open", "team_code": "MAD", "city_of_origin": "Delhi", "logo": "mad.png", "roster": ["Alex", "Laxman ", "Vikas ", "Ashish ", "Brian ", "kanishk ", "Kunal jagtap", "Manjeet", "RK", "Rohit", "Shatty", "Sid", "Shubh", "Adil", "Benoy ", "Abhishek ", "Shera ", "Nilay", "Neetant"]}, {"team_name": "Malakpet Hill Challengers", "division": "Open", "team_code": "MPT", "city_of_origin": "Hyderabad", "logo": "mpt.png", "roster": ["Goutham", "Akhil", "Tharun", "Sai", "Anil", "Vikram", "Venkat", "Suresh", "Dhiraj", "Hari", "Ravi", "Mayank", "Karthik Singhvi", "Kishen Chander", "Venki"]}, {"team_name": "Phoenix", "division": "Open", "team_code": "PNX", "city_of_origin": "Bangalore", "logo": "pnx.jpeg", "roster": ["Abhilash", "Aishu", "Akhilan", "Alark", "Amsa", "Arun", "Gangs", "Jaga", "Nags", "Peter", "Pradeep", "Priyatam", "Ram", "Santhosh", "Shikhar", "Sibi"]}, {"team_name": "Puyal", "division": "Open", "team_code": "PUY", "city_of_origin": "Chennai", "logo": "puy.png", "roster": ["Sreekesh ", "Surya", "Thamizha", "Venkey", "Anbu", "Pundari ", "Shameer ", "Lalith ", "Aravind Siva", "Mani", "Arun", "DS Karthik ", "Aditya TR", "Harish ", "Eswar ", "Deepak", "Pirate "]}, {"team_name": "SlipDiisc", "division": "Open", "team_code": "SLP", "city_of_origin": "Bangalore", "logo": "slp.png", "roster": ["Abhijit Kumar", "Sameer Kumar Jagirdar", "Abhinav Agarwal", "Akshank Tyagi", "Dikshant Afria", "Mayank", "Muthu Kumar", "Naman Saraswat", "Sidak Grewal", "Tirtharenu Chakrborthy", "Vyaas Ram", "Sanjith Cumarasurier", "Prem", "Hrishikesh Kumbar", "Aryan Hingwe", "Sabyasachi"]}, {"team_name": "Sloppy Discs", "division": "Open", "team_code": "SPD", "city_of_origin": "Bangalore", "logo": "spd.jpeg", "roster": ["Pranav", "A2", "Puttu", "IP", "Asish", "Gnan", "Karan", "Sudheer ", "Manj", "Himmy", "Peeni", "Ayush", "Jon", "Nishant ", "Nish Jeff"]}, {"team_name": "Surti Lala", "division": "Open", "team_code": "STL", "city_of_origin": "Surat", "logo": "stl.png", "roster": ["Swayam Narang", "Umang Naydu", "Meet Solanki", "Shubham ", "Kamlesh ", "Akshay Waghmare", "Dhiraj Bothra", "Sehal", "Ashish", "Atul", "Paresh", "Sameer", "Harsh", "Ravi", "Vishal"]}, {"team_name": "AOUGC India Open", "division": "Open", "team_code": "TIO", "city_of_origin": "Bangalore", "logo": "tio.jpeg", "roster": ["Aman Doharey", "Ashish Sahu", "Gowtham Balasubramaniam", "Hardik Jikkar", "Joshua Thampy", "Krishnan Nayar", "Kush Kothari", "Mrityunjay Tiwary", "Naveen G", "Pranav R", "Puneeth Chaganti", "Ravi Jambhekar", "Sanjeev Kumar", "Sarang Minhas", "Vikram S", "Shanmugam R", "Shantanu Kundu", "Tejhas J"]}, {"team_name": "TIKS", "division": "Open", "team_code": "TKS", "city_of_origin": "Bangalore", "logo": "tks.png", "roster": ["Pavan", "Sid", "Prajwal", "Vikhyath", "Amit", "Kushal", "Pani", "Adithya", "Mithilesh", "Nishil", "Rahul", "Aki", "Bharath", "Adithya"]}, {"team_name": "Thundermeow", "division": "Open", "team_code": "TMW", "city_of_origin": "Bangalore", "logo": "tmw.jpeg", "roster": ["Baba", "Sam", "Rahul", "Akash", "Arun", "Anant", "Anuj", "Akshay", "Vignesh", "Preet", "BG", "Abhikalpa", "Krish", "Sanjhvi", "Ragate"]}, {"team_name": "Thira", "division": "Open", "team_code": "TRA", "city_of_origin": "Trivandrum", "logo": "tra.jpeg", "roster": ["Sankar", "Gowtham", "Neeraj ", "Eby", "Anand", "Aravind R", "Arvind", "Allen", "Emil", "Naveen", "Cyril", "Basil", "Shanto", "Prithin", "Mahi", "Jason", "Jitheesh", "Aravind NS", "David"]}, {"team_name": "Bright Future ", "division": "Women's", "team_code": "BF", "city_of_origin": "Chennai", "logo": "bf.png", "roster": ["Anjona", "Munni", "Premi", "Junmoni ", "Rashmi ", "Kavitha", "Joshila ", "Hansa", "Wynonna ", "Bistiful ", "Shivani ", "Ranjana ", "Jennifer ", "Wanda", "Hunlang ", "Daitia ", "Rosina", "Saksanshi ", "Bani", "Jyoti ", "Broccoli ", "Marie "]}, {"team_name": "Disconnect ", "division": "Women's", "team_code": "DSC", "city_of_origin": "Pick-up team", "logo": "dsc.png", "roster": ["Gothainayagi ", "Hemangi", "Shalini", "Sreelakshmy", "Rasha", "Sree Raadhai", "Bhavana", "Roshni", "Geetanjali ", "Michelle ", "Hina", "Priyasha"]}, {"team_name": "Eclipse ", "division": "Women's", "team_code": "ECL", "city_of_origin": "Bangalore", "logo": "ecl.png", "roster": ["Shruthi ", "Nima", "Rashmi ", "Shirl ", "Manjula ", "Ishta ", "Pooja ", "Shirley ", "Anudnya ", "Ananya ", "Harsha ", "Inika ", "Kanika "]}, {"team_name": "HERd", "division": "Women's", "team_code": "HRD", "city_of_origin": "Chennai + Bangalore", "logo": "hrd.jpg", "roster": ["Nam", "Mirra", "Niranjana", "Suzanna", "Suhailah", "Tushti", "Anagha", "Janani", "Pranati", "Kavya", "Kanika", "Sanika", "Swati", "Banani", "Vashya"]}, {"team_name": "Hammer That Zone ", "division": "Women's", "team_code": "HTZ", "city_of_origin": "Bangalore", "logo": "htz.jpg", "roster": ["Auro", "Chantal", "Rutu", "Saranya", "Deeko", "Elsa", "Nandy", "Hitika", "Gauri", "Athena", "Neha", "Sushmita", "Jeevana", "Mithra"]}, {"team_name": "Learning to Fly", "division": "Women's", "team_code": "L2F", "city_of_origin": "Bangalore", "logo": "l2f.jpeg", "roster": ["Advika S", "Ananya Sreedharan", "Apurva Singh Rathore", "Bhavya Jain", "Bhavya Trivedi", "Deeksha Sinha", "Devathi Parashuram", "Gana Raj", "Meenakshi K", "Muskan", "Priya", "Smrithi", "Swathi S", "Vaishnavi Nautiyal", "Sanjana Ramesh"]}, {"team_name": "No mercy ", "division": "Women's", "team_code": "NMC", "city_of_origin": "Chennai + Mysore", "logo": "nmc.jpg", "roster": ["Sanju", "Monisha", "Apoorva", "Niki", "Swetha", "Pragathi ", "Preeti", "Roshini ", "Malavika", "Uma", "Dhivyasree", "Sanjeevini", "Roohi", "Kavya", "Fancy", "Navya", "Savitha"]}, {"team_name": "Peri Peri", "division": "Women's", "team_code": "PP", "city_of_origin": "Delhi", "logo": "pp.png", "roster": ["Sowmya Gascon", "Megha Rawat", "Prachi", "Anvita", "Sapna", "Mansi", "Muskan", "Anita", "Chetna", "Sheetal", "Moni", "Chandrika", "Khushbhoo", "Kalpana", "Nithya", "Aishwarya ", "Trisha", "Sangheeta"]}, {"team_name": "Sloppy Discs ", "division": "Women's", "team_code": "SPD", "city_of_origin": "Bangalore", "logo": "spd.jpeg", "roster": ["Mohini", "Aloka ", "Lila", "Pranathi", "Tanvi", "Surabhi", "Abhishikha", "Ishita", "Shyamala", "Vaibhavi", "Yasha", "Sakina", "Shayal", "Dhaarini", "Mansi", "Madiha"]}, {"team_name": "Traffic Jam", "division": "Women's", "team_code": "TFJ", "city_of_origin": "Bangalore", "logo": "tfj.png", "roster": ["Mrinalini", "Parul", "Kavya", "Rasika", "Uttara", "Sanchitha", "Shruthi ", "Keya", "Mahi", "Audrey", "Aparajita", "Aditi", "Rutu"]}, {"team_name": "TIKS", "division": "Women's", "team_code": "TKS", "city_of_origin": "Bangalore", "logo": "tks.png", "roster": ["Haritha", "Charm", "Sheetal", "Neha", "Srishti", "Sanjana", "Mithi", "Anaika", "Keer", "Anusha", "Kavya", "Megha"]}]